{
    "BLEU-1": 59.77418528316403,
    "BLEU-2": 47.06679780559957,
    "BLEU-3": 37.736777872711635,
    "BLEU-4": 30.13468193870387,
    "BLEU-Average (Arithmetic)": 43.68,
    "BLEU-Average (Geometric)": 42.60
}