{
  "BLEU-1": 59.769322605150755,
  "BLEU-2": 47.167255051597216,
  "BLEU-3": 37.886895698112006,
  "BLEU-4": 30.554325837242942
}