{
  "train_loss": [
    5.29713114872903,
    4.428835886690585,
    3.9258522262657265,
    3.579734727149493,
    3.2987316132642097,
    3.0562776468923962,
    2.829646167776133,
    2.6254684883067263,
    2.4675376126419604,
    2.3163699825429704,
    2.1730531380565155,
    2.051403357331448,
    1.9235885151157295,
    1.8152496439244779,
    1.7152406862128673,
    1.6276055432626328,
    1.5502846167476168
  ],
  "val_loss": [
    4.90712782740593,
    4.663565158843994,
    4.439392000436783,
    4.27647590637207,
    4.044142007827759,
    3.938114285469055,
    3.7767501920461655,
    3.6827938854694366,
    3.626281961798668,
    3.5704941898584366,
    3.5461264550685883,
    3.466618001461029,
    3.4505780786275864,
    3.4128301441669464,
    3.4543205201625824,
    3.4690675735473633,
    3.490370959043503
  ]
}