{
  "train_loss": [
    5.296181966554751,
    4.407571508495818,
    3.9097910688837194,
    3.573678650519921,
    3.307913046051227,
    3.0821739351171753,
    2.8644022973098417,
    2.6758656359979236,
    2.5235576267284445,
    2.369650659844739,
    2.233687628996005,
    2.106943664046636,
    1.9824741642905752,
    1.8696016199263181,
    1.7646875525886268,
    1.6846007284613957,
    1.6039585184945935
  ],
  "val_loss": [
    4.9008998572826385,
    4.657421499490738,
    4.418678939342499,
    4.235776513814926,
    4.05018176138401,
    3.976326495409012,
    3.787812516093254,
    3.751758173108101,
    3.638236701488495,
    3.641995072364807,
    3.5671775490045547,
    3.492650583386421,
    3.4640315175056458,
    3.41769240796566,
    3.5139136016368866,
    3.495264768600464,
    3.457624688744545
  ]
}