{
  "train_loss": [
    5.296181966554751,
    4.406331211459794,
    3.9066291149492307,
    3.5569916044562926,
    3.2862096862120773,
    3.056040207194862,
    2.842520304188329,
    2.6514959907741797,
    2.502807087310085,
    2.3512305467664407,
    2.2100334753023896,
    2.0868550055877755,
    1.9548956885736943,
    1.8552875747239537,
    1.7467206117865273,
    1.664608844051277,
    1.589210718213724
  ],
  "val_loss": [
    4.9008998572826385,
    4.6535375118255615,
    4.423992276191711,
    4.221469923853874,
    4.028076842427254,
    3.9503331631422043,
    3.7934007793664932,
    3.7282465249300003,
    3.6308510154485703,
    3.6017214506864548,
    3.5824738442897797,
    3.5221072882413864,
    3.4462015330791473,
    3.4436917304992676,
    3.487901523709297,
    3.471987798810005,
    3.451168343424797
  ]
}